{
    "name": "root",
    "gauges": {
        "Normal.Policy.Entropy.mean": {
            "value": 1.400812029838562,
            "min": 1.400811791419983,
            "max": 1.4217572212219238,
            "count": 280
        },
        "Normal.Policy.Entropy.sum": {
            "value": 215.7250518798828,
            "min": 58.84784698486328,
            "max": 228.3791961669922,
            "count": 280
        },
        "Normal.Environment.EpisodeLength.mean": {
            "value": 8.625,
            "min": 0.0,
            "max": 185.0,
            "count": 275
        },
        "Normal.Environment.EpisodeLength.sum": {
            "value": 138.0,
            "min": 0.0,
            "max": 286.0,
            "count": 275
        },
        "Normal.Policy.ExtrinsicValueEstimate.mean": {
            "value": 0.16398414969444275,
            "min": -1.7358447313308716,
            "max": 3.7561569213867188,
            "count": 280
        },
        "Normal.Policy.ExtrinsicValueEstimate.sum": {
            "value": 2.623746395111084,
            "min": -21.824344635009766,
            "max": 39.017032623291016,
            "count": 280
        },
        "Normal.Environment.CumulativeReward.mean": {
            "value": -0.18500010296702385,
            "min": -1.0,
            "max": 12.489996910095215,
            "count": 263
        },
        "Normal.Environment.CumulativeReward.sum": {
            "value": -2.9600016474723816,
            "min": -33.150001525878906,
            "max": 26.059995412826538,
            "count": 263
        },
        "Normal.Policy.ExtrinsicReward.mean": {
            "value": -0.18500010296702385,
            "min": -1.0,
            "max": 12.489996910095215,
            "count": 263
        },
        "Normal.Policy.ExtrinsicReward.sum": {
            "value": -2.9600016474723816,
            "min": -33.150001525878906,
            "max": 26.059995412826538,
            "count": 263
        },
        "Normal.IsTraining.mean": {
            "value": 0.0,
            "min": 0.0,
            "max": 1.0,
            "count": 280
        },
        "Normal.IsTraining.sum": {
            "value": 0.0,
            "min": 0.0,
            "max": 1.0,
            "count": 280
        },
        "Normal.Losses.PolicyLoss.mean": {
            "value": 0.07859456908190623,
            "min": 0.05835503004151785,
            "max": 0.09539091777599727,
            "count": 24
        },
        "Normal.Losses.PolicyLoss.sum": {
            "value": 0.07859456908190623,
            "min": 0.05835503004151785,
            "max": 0.09539091777599727,
            "count": 24
        },
        "Normal.Losses.ValueLoss.mean": {
            "value": 1.503237533569336,
            "min": 0.6134098708629608,
            "max": 1.6977081418037414,
            "count": 24
        },
        "Normal.Losses.ValueLoss.sum": {
            "value": 1.503237533569336,
            "min": 0.6134098708629608,
            "max": 1.6977081418037414,
            "count": 24
        },
        "Normal.Policy.LearningRate.mean": {
            "value": 3.756098747999993e-06,
            "min": 3.756098747999993e-06,
            "max": 0.0002878080040639999,
            "count": 24
        },
        "Normal.Policy.LearningRate.sum": {
            "value": 3.756098747999993e-06,
            "min": 3.756098747999993e-06,
            "max": 0.0002878080040639999,
            "count": 24
        },
        "Normal.Policy.Epsilon.mean": {
            "value": 0.10125200000000004,
            "min": 0.10125200000000004,
            "max": 0.19593599999999994,
            "count": 24
        },
        "Normal.Policy.Epsilon.sum": {
            "value": 0.10125200000000004,
            "min": 0.10125200000000004,
            "max": 0.19593599999999994,
            "count": 24
        },
        "Normal.Policy.Beta.mean": {
            "value": 7.247479999999986e-05,
            "min": 7.247479999999986e-05,
            "max": 0.004797206400000001,
            "count": 24
        },
        "Normal.Policy.Beta.sum": {
            "value": 7.247479999999986e-05,
            "min": 7.247479999999986e-05,
            "max": 0.004797206400000001,
            "count": 24
        }
    },
    "metadata": {
        "timer_format_version": "0.1.0",
        "start_time_seconds": "1633800192",
        "python_version": "3.7.11 (default, Jul 27 2021, 07:03:16) \n[Clang 10.0.0 ]",
        "command_line_arguments": "/Users/suekim/miniconda3/envs/ml/bin/mlagents-learn config/ppo/Paddle.yaml --run-id=easy_run --force",
        "mlagents_version": "0.25.1",
        "mlagents_envs_version": "0.25.1",
        "communication_protocol_version": "1.5.0",
        "pytorch_version": "1.8.1",
        "numpy_version": "1.21.2",
        "end_time_seconds": "1633800585"
    },
    "total": 393.006032937,
    "count": 1,
    "self": 0.00586904799996546,
    "children": {
        "run_training.setup": {
            "total": 0.011743731000000035,
            "count": 1,
            "self": 0.011743731000000035
        },
        "TrainerController.start_learning": {
            "total": 392.988420158,
            "count": 1,
            "self": 0.7323829170005638,
            "children": {
                "TrainerController._reset_env": {
                    "total": 8.522065262,
                    "count": 1,
                    "self": 8.522065262
                },
                "TrainerController.advance": {
                    "total": 383.5748970689994,
                    "count": 30323,
                    "self": 0.3628120629996374,
                    "children": {
                        "env_step": {
                            "total": 383.21208500599977,
                            "count": 30323,
                            "self": 354.31031267300244,
                            "children": {
                                "SubprocessEnvManager._take_step": {
                                    "total": 28.564630594998718,
                                    "count": 30323,
                                    "self": 1.5051434329975564,
                                    "children": {
                                        "TorchPolicy.evaluate": {
                                            "total": 27.05948716200116,
                                            "count": 28076,
                                            "self": 6.241380783007543,
                                            "children": {
                                                "TorchPolicy.sample_actions": {
                                                    "total": 20.81810637899362,
                                                    "count": 28076,
                                                    "self": 20.81810637899362
                                                }
                                            }
                                        }
                                    }
                                },
                                "workers": {
                                    "total": 0.3371417379986088,
                                    "count": 30322,
                                    "self": 0.0,
                                    "children": {
                                        "worker_root": {
                                            "total": 386.0775399640013,
                                            "count": 30322,
                                            "is_parallel": true,
                                            "self": 64.42820632500536,
                                            "children": {
                                                "run_training.setup": {
                                                    "total": 0.0,
                                                    "count": 0,
                                                    "is_parallel": true,