{
    "name": "root",
    "metadata": {
        "timer_format_version": "0.1.0",
        "start_time_seconds": "1642365458",
        "python_version": "3.8.1 (default, Jan  8 2020, 16:15:59) \n[Clang 4.0.1 (tags/RELEASE_401/final)]",
        "command_line_arguments": "/Users/suekim/miniconda3/envs/ml_env/bin/mlagents-learn config/ppo/Paddle.yaml --run-id=second_run",
        "mlagents_version": "0.25.1",
        "mlagents_envs_version": "0.25.1",
        "communication_protocol_version": "1.5.0",
        "pytorch_version": "1.8.1",
        "numpy_version": "1.19.5",
        "end_time_seconds": "1642365492"
    },
    "total": 33.970174621,
    "count": 1,
    "self": 0.007383152999999254,
    "children": {
        "run_training.setup": {
            "total": 0.06433469899999977,
            "count": 1,
            "self": 0.06433469899999977
        },
        "TrainerController.start_learning": {
            "total": 33.898456769,
            "count": 1,
            "self": 0.00047810199999531733,
            "children": {
                "TrainerController._reset_env": {
                    "total": 16.052384613,
                    "count": 1,
                    "self": 16.052384613
                },
                "TrainerController.advance": {
                    "total": 17.694969106000002,
                    "count": 7,
                    "self": 6.86890000096696e-05,
                    "children": {
                        "env_step": {
                            "total": 17.694900416999992,
                            "count": 7,
                            "self": 17.683583377999998,
                            "children": {
                                "SubprocessEnvManager._take_step": {
                                    "total": 0.0112603719999953,
                                    "count": 7,
                                    "self": 0.0003450539999896307,
                                    "children": {
                                        "TorchPolicy.evaluate": {
                                            "total": 0.01091531800000567,
                                            "count": 7,
                                            "self": 0.00117462200000773,
                                            "children": {
                                                "TorchPolicy.sample_actions": {
                                                    "total": 0.00974069599999794,
                                                    "count": 7,
                                                    "self": 0.00974069599999794
                                                }
                                            }
                                        }
                                    }
                                },
                                "workers": {
                                    "total": 5.666699999906655e-05,
                                    "count": 6,
                                    "self": 0.0,
                                    "children": {
                                        "worker_root": {
                                            "total": 26.384083976,
                                            "count": 6,
                                            "is_parallel": true,
                                            "self": 9.860098274000002,
                                            "children": {
                                                "steps_from_proto": {
                                                    "total": 0.0002350579999994551,
                                                    "count": 1,
                                                    "is_parallel": true,
                                                    "self": 8.936199999887151e-05,
                                                    "children": {
                                                        "_process_rank_one_or_two_observation": {
                                                            "total": 0.00014569600000058358,
                                                            "count": 4,
                                                            "is_parallel": true,
                                                            "self": 0.00014569600000058358
                                                        }
                                                    }
                                                },
                                                "UnityEnvironment.step": {
                                                    "total": 16.523750643999996,
                                                    "count": 6,
                                                    "is_parallel": true,
                                                    "self": 0.00040069199999237526,
                                                    "children": {
                                                        "UnityEnvironment._generate_step_input": {
                                                            "total": 0.0003596819999955869,
                                                            "count": 6,
                                                            "is_parallel": true,
                                                            "self": 0.0003596819999955869
                                                        },
                                                        "communicator.exchange": {
                                                            "total": 16.52155629600001,
                                                            "count": 6,
                                                            "is_parallel": true,
                                                            "self": 16.52155629600001
                                                        },
                                                        "steps_from_proto": {
                                                            "total": 0.001433973999997562,
                                                            "count": 6,
                                                            "is_parallel": true,
                                                            "self": 0.0006132530000115821,
                                                            "children": {
                                                                "_process_rank_one_or_two_observation": {
                                                                    "total": 0.0008207209999859799,
                                                                    "count": 24,
                                                                    "is_parallel": true,
                                                                    "self": 0.0008207209999859799
                                                                }
                                                            }
                                                        }
                                                    }
                                                }
                                            }
                                        }
                                    }
                                }
                            }
                        }
                    }
                },
                "trainer_threads": {
                    "total": 1.8840999999270025e-05,
                    "count": 1,
                    "self": 1.8840999999270025e-05,
                    "children": {
                        "thread_root": {
                            "total": 0.0,
                            "count": 0,
                            "is_parallel": true,
                            "self": 0.0,
                            "children": {
                                "trainer_advance": {
                                    "total": 17.122564382001435,