{
    "name": "root",
    "gauges": {
        "Normal.Policy.Entropy.mean": {
            "value": 1.4216710329055786,
            "min": 1.4185055494308472,
            "max": 1.423717737197876,
            "count": 48
        },
        "Normal.Policy.Entropy.sum": {
            "value": 142.16709899902344,
            "min": 69.61734771728516,
            "max": 207.16502380371094,
            "count": 48
        },
        "Normal.Environment.EpisodeLength.mean": {
            "value": 0.0,
            "min": 0.0,
            "max": 242.0,
            "count": 38
        },
        "Normal.Environment.EpisodeLength.sum": {
            "value": 0.0,
            "min": 0.0,
            "max": 465.0,
            "count": 38
        },
        "Normal.Policy.ExtrinsicValueEstimate.mean": {
            "value": -18.74785614013672,
            "min": -18.74785614013672,
            "max": 11.525547981262207,
            "count": 48
        },
        "Normal.Policy.ExtrinsicValueEstimate.sum": {
            "value": -1874.7855224609375,
            "min": -1874.7855224609375,
            "max": 1152.5548095703125,
            "count": 48
        },
        "Normal.Environment.CumulativeReward.mean": {
            "value": -1.0,
            "min": -1.0,
            "max": 7.749998331069946,
            "count": 32
        },
        "Normal.Environment.CumulativeReward.sum": {
            "value": -100.0,
            "min": -100.0,
            "max": 35.829992055892944,
            "count": 32
        },
        "Normal.Policy.ExtrinsicReward.mean": {
            "value": -1.0,
            "min": -1.0,
            "max": 7.749998331069946,
            "count": 32
        },
        "Normal.Policy.ExtrinsicReward.sum": {
            "value": -100.0,
            "min": -100.0,
            "max": 35.829992055892944,
            "count": 32
        },
        "Normal.IsTraining.mean": {
            "value": 1.0,
            "min": 1.0,
            "max": 1.0,
            "count": 48
        },
        "Normal.IsTraining.sum": {
            "value": 1.0,
            "min": 1.0,
            "max": 1.0,
            "count": 48
        },
        "Normal.Losses.PolicyLoss.mean": {
            "value": 0.1212488512081715,
            "min": 0.06333246607100591,
            "max": 0.1212488512081715,
            "count": 4
        },
        "Normal.Losses.PolicyLoss.sum": {
            "value": 0.1212488512081715,
            "min": 0.06333246607100591,
            "max": 0.1212488512081715,
            "count": 4
        },
        "Normal.Losses.ValueLoss.mean": {
            "value": 5.029676858584086,
            "min": 0.8747977475325267,
            "max": 5.029676858584086,
            "count": 4
        },
        "Normal.Losses.ValueLoss.sum": {
            "value": 5.029676858584086,
            "min": 0.8747977475325267,
            "max": 5.029676858584086,
            "count": 4
        },
        "Normal.Policy.LearningRate.mean": {
            "value": 0.00027528600823800004,
            "min": 0.00027528600823800004,
            "max": 0.00029364000212,
            "count": 4
        },
        "Normal.Policy.LearningRate.sum": {
            "value": 0.00027528600823800004,
            "min": 0.00027528600823800004,
            "max": 0.00029364000212,
            "count": 4
        },
        "Normal.Policy.Epsilon.mean": {
            "value": 0.19176199999999996,
            "min": 0.19176199999999996,
            "max": 0.19787999999999992,
            "count": 4
        },
        "Normal.Policy.Epsilon.sum": {
            "value": 0.19176199999999996,
            "min": 0.19176199999999996,
            "max": 0.19787999999999992,
            "count": 4
        },
        "Normal.Policy.Beta.mean": {
            "value": 0.004588923800000001,
            "min": 0.004588923800000001,
            "max": 0.004894212000000001,
            "count": 4
        },
        "Normal.Policy.Beta.sum": {
            "value": 0.004588923800000001,
            "min": 0.004588923800000001,
            "max": 0.004894212000000001,
            "count": 4
        }
    },
    "metadata": {
        "timer_format_version": "0.1.0",
        "start_time_seconds": "1633611642",
        "python_version": "3.7.11 (default, Jul 27 2021, 07:03:16) \n[Clang 10.0.0 ]",
        "command_line_arguments": "/Users/suekim/miniconda3/envs/ml/bin/mlagents-learn config/ppo/Paddle.yaml --run-id=test8 --force",
        "mlagents_version": "0.25.1",
        "mlagents_envs_version": "0.25.1",
        "communication_protocol_version": "1.5.0",
        "pytorch_version": "1.8.1",
        "numpy_version": "1.21.2",
        "end_time_seconds": "1633611730"
    },
    "total": 87.148834759,
    "count": 1,
    "self": 0.007232020000003558,
    "children": {
        "run_training.setup": {
            "total": 0.01831875999999988,
            "count": 1,
            "self": 0.01831875999999988
        },
        "TrainerController.start_learning": {
            "total": 87.12328397899999,
            "count": 1,
            "self": 0.1328291189996662,
            "children": {
                "TrainerController._reset_env": {
                    "total": 7.846480622,
                    "count": 1,
                    "self": 7.846480622
                },
                "TrainerController.advance": {
                    "total": 78.97401826500034,
                    "count": 5844,
                    "self": 0.06760663399988687,
                    "children": {
                        "env_step": {
                            "total": 78.90641163100045,
                            "count": 5844,
                            "self": 74.10106758400042,
                            "children": {
                                "SubprocessEnvManager._take_step": {
                                    "total": 4.742824772000089,
                                    "count": 5844,
                                    "self": 0.2558133399998326,
                                    "children": {
                                        "TorchPolicy.evaluate": {
                                            "total": 4.487011432000257,
                                            "count": 4819,
                                            "self": 1.0306667440001878,
                                            "children": {
                                                "TorchPolicy.sample_actions": {
                                                    "total": 3.456344688000069,
                                                    "count": 4819,
                                                    "self": 3.456344688000069
                                                }
                                            }
                                        }
                                    }
                                },
                                "workers": {
                                    "total": 0.06251927499993926,
                                    "count": 5843,
                                    "self": 0.0,
                                    "children": {
                                        "worker_root": {
                                            "total": 86.73036307499996,
                                            "count": 5843,
                                            "is_parallel": true,
                                            "self": 17.597976114000005,
                                            "children": {
                                                "run_training.setup": {
                                                    "total": 0.0,
                                                    "count": 0,
                                                    "is_parallel": true,
                                                    "self": 0.0,